id;name;date;price
1;portal reboot;holistic Peso Handcrafted;connect Keys online
2;virtual HDD;Outdoors Investment synergize;feed Oval Creek
3;Wooden Virginia Finland;Jewelery;generate
4;web-enabled Oro Awesome;Bedfordshire;hub transitional
5;Brand;impactful protocol programming;RSS channels
6;Mobility Hryvnia;Pizza;Pennsylvania Web
7;intuitive;payment;quantifying Internal Wooden
8;Specialist;visionary Ball Executive;Cambridgeshire
9;Ergonomic client-server pink;product red;mobile Corporate
10;Industrial overriding SDR;SSL Chips;Mexico Licensed niches
